Company Name, Phone, Email
2E Interconnection,  0412690007, info@2e-cableassembly.com
3Dutch B.V., NaN, NaN
3M Nederland,  0157822333, mwigbers1@mmm.com
3T,  0534336633, info@3t.nl
4 Dental Holding B.V., NaN, ebary@4dental.nl
4S Industrie B.V.,  0555424228, info@4sindustrie.nl
A&C SolutionsBA,  0321473537, info@ac-solutions.be
A.D. Jansen Zwolle B.V.,  0384550646, info@ultrasoon.com
A.S.R. Automation Systems Raemaekers,  0475464822, info@automation-systems.nl
A1 Electronics Netherlands,  0546581200, info@a1electronics.nl
a1-envirosciences GmbH,  0492117584, sales@a1-envirotech.de
ABB,  0104078911, info@nl.abb.com
Abbott,  0888222688, peter.smienk@abbott.com
Abbott Informatics Netherlands,  0725118100, richard.visser@abbott.com
ABtronix B.V.,  076 5968800, info@abtronix.com
AC Analytical Controls,  0104624811, acbv@analytical-controls.com
Acal BFi Nederland,  0402507400, sales-nl@acalbfi.nl
Accelonix,  0407501650, sales@accelonix.nl
Achrom N.V.,  0329380064, achrom@achrom.be
Acist Europe,  0433545030, acistinfo@bracco.com
Niet beschikbaar, NaN, NaN
Adamas Instrumenten,  0317621622, info@adamas-instrumenten.com
AddspeX,  0294281274, info@addspex.com
Adeas,  0402350060, info@adeas.nl
Adelco Electronics, NaN, info@adelco.nl
Adiform,  0104377144, info@adiform.nl
Adquipment Medical,  0181612151, info@adquipment.nl
Advancis Medical Nederland,  0388080107, info@advancismedical.nl
Advantech Europe,  0765233100, info@advantech.com
Advitronics Telecom,  0486478888, info@advitronics.nl
AE Sensors B.V.,  0786213152, aesensors@aesensors.nl
Aemas,  0162462666, analyse@aemas.nl
AEP International,  0786922100, sales@aepint.nl
Niet beschikbaar, NaN, NaN
Agidens Proces Automation,  0183643344, info@agidens.com
Agilent Technologies Neth.,  0205472000, chem_benelux@agilent.com
Air-TraXX,  0765269339, info@air-traxx.com
Airbus Defence and Space Netherlands,  0715245000, info@airbusds.nl
Airtest Solutions,  0243294255, info@airtest.nl
Alantys Technology,  0330130250, info@alantys.com
Alaxa Products,  0186662511, info@alaxa.nl
Alcom Electronics,  0102882500, info@alcom.nl
Alewijnse Industie B.V.,  0243716411, ahd@alewijnse.nl
Alflex Products,  0793620000, info@alflex.nl
All-Rack B.V., NaN, NaN
Niet beschikbaar, NaN, NaN
Alliance Healthcare Nederland B.V., NaN, NaN
Allion Van Heek Medical,  0882208822, h.gerrits@vanheekmedical.nl
AllweCare medical B.V.,  0246777800, ton@allwecare.nl
Almende,  0104049444, info@almende.org
Althen Sensors & Controls,  0703924421, sales@althen.nl
Altium,  0547334045, info@transfer.nl
Ambu,  0182526060, info@ambu.nl
AMETEK,  0135364000, susanne.gelens@ametek.nl
Amkor Zeefdruk,  0318631261, info@amkor.nl
Amplimo,  0545283456, info@amplimo.nl
AMX (UK) Ltd.,  0316224884, leon.tenbrundel@amxeurope.com
Anadis Instruments Benelux,  0365214190, info@anadis.nl
Analis nv, NaN, marco.markus@analis.nl
Analogic Benelux NV,  0321528060, mkm@analogic.com
Analytical Solutions and Products,  0204924748, info@asap.nl
Anaspec Solutions,  0182304005, info@anaspec.nl
AngioDynamics Netherlands,  0207532949, amsterdam@angiodynamics.com
Ankersmid Process,  0548595969, info@ankersmid.com
Anritsu GmbH,  0498944230, sales.esdc@anritsu.com
Anton Paar BeneluxBA,  0320928083, info.be@anton-paar.com
Antonides CV,  0514564488, adm@antonides.com
AP Nederland,  0638155455, s.vendrig@apnederland.nl
APEM Benelux,  0322725050, info@apemswitches.be
Apotheekzorg,  0464113050, info@apotheekzorg.nl
Applied Instruments,  0118488499, info@aibv.eu
Applied Micro Electronics ''AME'',  0402646400, info@ame.nu
Applikon Biotechnology,  0102083555, sales@applikon-biotechnology.com
APT - Applied Process Technology,  0882782828, info@apt.nl
Aptful Electronics,  0412457474, info@aptful.nl
AQC,  0880045500, erwin.lemmens@aqcbv.com
AR Benelux,  0172423000, arbeneluxinfo@arworld.us
Arcobel Embedded Solutions,  0412660066, sales@arcobel.nl
Niet beschikbaar, NaN, NaN
Ardis Technologies,  0263622337, jan@ardistech.com
Arenal PCS BV,  015-3010071, info@arenal-pcs.com
Arjo Nederland B.V.,  0344640800, info.nl@arjohuntleigh.com
Arrow Central Europe,  0306391234, salesoffice.utrecht@spoerle.com
ArtTest,  0736395080, info@artec.nl
Ascom (Nederland) B.V.,  0302409100, marc.lamboo@ascom.com
Asecos,  0172506476, info@asecos.nl
Asperitas,  0620702680, info@aecorsis.com
AssemblyPartner,  0783033503, info@assemblypartner.nl
Atos Medical,  0795935000, info@atosmedical.com
ATS Applied Tech Systems,  0529438310, info.nl@ats-global.com
Autoclave (Suurmond),  0341262233, autoclave@suurmond.com
Avans Hogeschool MB,  0765258800, laboratorium@avansplus.nl
Avantes,  0313670170, info@avantes.com
AVE Added Value Electronics,  0786215900, info@ave-nl.com
Averna,  0263200100, info@averna.com
Avilo Stikstof en Persluchtsystemen B.V., NaN, info@avilo.nl
Aviso Diagnostics B.V.,  0786732544, mr@aviso-diagnostics.com
Avnet B.V.,  0765722500, info@avnet.com
AVT Industrial Components,  0402088088, sales@avtic.com
Azteco electronics,  0786299966, info@azteco.nl
B&R Industriële Automatisering,  0765715303, office.nl@br-automation.com
Badotherm Proces Instr.,  0786545800, info@badotherm.com
Bakker & Co.,  0786101666, info@bakker-co.com
Batenburg Industriele Elektronica,  0547271963, info.elektronica@batenburg.nl
Batenburg Mechatronica,  0102928787, info.mechatronica@batenburg.nl
Batterij Import Nederland,  0413212222, sales@batimp.nl
Baumer,  0320145746, sales.be@baumer.com
Baxter,  0302488911, john_roodenburg@baxter.com
BCON Instruments,  0166654008, info@bcon-instruments.nl
BD Kiestra,  0512510710, info@bd.com
Beckman Coulter Nederland,  0348462462, info@beckman.com
Becton Dickinson,  0205829416, customer_service_bdholland@europe.bd.com
Belimed,  0102861750, administratie@belimed.nl
Belimo Servomotoren,  0578576836, info@belimo.nl
Bellmann,  0224214939, ton@bellmann.nl
Bender Benelux B.V.,  0765878713, benderbenelux@benderbenelux.com
Benelux Scientific BV,  0344655556, info@benelux-scientific.nl
BENU Direct,  0302450202, info@benudirect.nl
Bepacom,  0572363368, wgkemper@bepacom.nl
Bernstein AG,  0491726932, m.slotboom@nl.bernstein.eu
Betec Controls,  0578577179, info@beteccontrols.nl
Betronic,  0203038500, marcom@betronic.nl
Beun- De Ronde,  0294280980, info@beunderonde.nl
Beveco Gebouwautomatisering B.V.,  0186659030, info@beveco.nl
BGB Analytik Benelux B.V., NaN, NaN
Bienfait,  0235530316, info@bienfait.nl
BIG EU / BACNet, NaN, info@big-eu.org
Binder Engineering,  0703074300, info@binder-engineering.nl
Binder GmbH,  0643581333, benelux@binder-world.com
Binder Nederland,  0235747046, info@binder-connector.nl
Bio-Connect,  0263264450, info@bio-connect.nl
Bio-Rad Laboratories,  0318540666, techsupport.holland@bio-rad.com
Biolegio,  0243586885, info@biolegio.com
BiologiQ,  0553684450, hans@biologiq.nl
Biomedic,  0365463000, info@biomedic.nl
BIOplastics / CYCLERtest,  0455338777, vavrinekc@biozymgroup.com
Biosolve,  0402071300, info@biosolve.nl
BioTRADING Benelux,  0297286848, info@biotrading.com
Biotronik Nederland,  0243555975, office.nl@biotronik.com
BIZERBA Nederland,  0534800980, info@bizerba.nl
Blanken Controls,  0555058300, info@blanken.nl
BMF Systemparts,  0408512170, info@bmf-systemparts.com
Boeren Medical,  0135784289, info@boerenmedical.com
Boom B.V.,  0522268700, boombv@boomlab.nl
Bosman Medische Hulpmiddelen,  0402308888, info@bosman.com
BR Controls Products,  0383556640, products@brcontrols.com
BRAINPACT,  0478538140, Ton.Peeters@brainpact.nl
Brecon Cleanroom Systems B.V.,  0646357346, geerdjansen@brecon.nl
Brinck Meettechniek,  0365479500, think@brinck.nl
Bronkhorst High-Tech BV,  0573458800, w.vantwel@bronkhorst.com
Bronkhorst Nederland,  0318551280, v.brokking@bronkhorst.nl
Bronson Incubator Services B.V., NaN, info@bronson.nl
Brooks Instrument,  0318549300, brookseu@brooksinstrument.com
Bruker Nederland,  0881122700, bruker@bruker.nl
Brunschwig Chemie,  0206113133, brunschwig@brunschwig.nl
BSN Medical,  0365389500, info@bsnmedical.com
BÜCHI Labortechnik GmbH,  0786849429, benelux@buchi.com
Niet beschikbaar, NaN, NaN
Bürkert-Contromatic,  0881267300, info@burkert.nl
Buveco,  0105217344, sales@buveco.com
BV Handelsvereeniging v/h J. & W. Wegman,  0302634000, wegman@wegman.nl
C.N. Rood,  0793600018, info@cnrood.com
Cablon Medical,  0334943964, info@cablon.nl
Canon Medical Systems Nederland,  0793689999, info.nl@eu.medical.canon
Capable,  0765416456, info@capable.nl
Cardinal Health Netherlands 502,  0322746346, ron.dewit@cardinalhealth.com
CareFusion Netherlands 238,  0302289711, rob.enthoven@carefusion.com
CareFusion Netherlands 310,  0302289711, gijsbert.vankampen@carefusion.com
Carltech,  0495588555, info@carltech.nl
Carya Automatisering,  0152682602, info@carya.nl
CaTeC,  0174272330, info@catec.nl
CC Nederland B.V.,  0798200020, info@ccned.nl
CDS Electronics,  0105925688, info@cds-electronics.nl
Celgene B.V., NaN, NaN
Celgene B.V.,  030 284 4500, info.nl@celgene.com
Cell Signaling Technology Europe, NaN, marketing@bioke.com
Celsius Benelux BV,  0610991978, helga.poot@celsiusbenelux.nl
CenS (Micro)Electronics,  0553558611, info@censelect.nl
Charles River Microbial Solutions,  0654376941, stefan.voost@crl.com
Chess Wise,  0235149149, info@chess.nl
Chroma ATE Europe,  0318648282, info@chromaeu.com
Cisco Systems International,  0800020079, pdijkstr@cisco.com
CleanAir by Baker, NaN, sales.nl@telstar.com
Cobar Europe,  0765445588, info@cobar.com
Cobra Medical BV, NaN, info@cobramedical.nl
CODAN BV, NaN, codan@codan.nl
Comdes Componenten,  0793625666, info@comdes.nl
Comecer Netherlands,  0513416964, info@comecer.com
Compose Network Connections,  0735531370, m.vossen@compose.nl
Comtest Engineering B.V.,  071-5417531, info@comtest.eu
Coneco Building Automation,  0786413877, contact@coneco.nl
Conrad Electronic Benelux B.V., NaN, matthijs.gaikema@conrad.nl
Convatec Nederland,  0348436900, info.convatec@convatec.com
Core|Vision,  0412660081, info@core-vision.nl
Corning,  0206596051, cceurnl@corning.com
Corpuls Nederland,  0181784000, info@corpuls.nl
CREO-CPS,  0854011723, erik.van.egeraat@creo.nl
Croonwolter&dros,  0334671511, maarten.verhoeven@croonwolterendros.nl
Crowcon Detection Instruments Ltd.,  0104211232, sales@crowcon.com
Cryo Solutions,  0736205450, info@cryosolutions.nl
CTS Nederland,  0344607917, info@ctsnederland.nl
D&D Mechatronics,  0485322102, info@d-d.nu
Da Vinci Laboratory Solutions,  010- 2581870, solutions@davinci-ls.com
Daalder Techniek, NaN, NaN
Danfoss,  0102492000, info@danfoss.nl
Danielson Europe / SCHURTER Electronics,  0523281200, marketing@schurter.nl
Dantuma Medische Speciaalzaken,  0800280040, info@dantuma.com
DARE!! Instruments,  0348430979, info@dare.nl
Niet beschikbaar, NaN, NaN
De Gidts & Feldman,  0365314014, salesdept@gidts-feldman.nl
De Groot Instruments,  0332300039, degroot@degrootinstruments.nl
Niet beschikbaar, NaN, NaN
Deerns Nederland,  0883740000, contact@deerns.nl
DEHN Nederland B.V., NaN, NaN
Niet beschikbaar, NaN, NaN
Delta Elektronika,  0111413656, sales@delta-elektronika.nl
DEMCON,  0881152000, info@demcon.nl
Demival,  0324755814, info@demival.be
DENIOS,  0172506466, info@denios.nl
Dewetron Benelux BV,  0765442544, info@dewetron.nl
Niet beschikbaar, NaN, NaN
Dijkstra-Vereenigde,  0320266100, laboratorium@dijkstra.net
Dirinco,  0735218880, info@dirinco.com
Dirksen Bedrijfsopleidingen B.V., NaN, NaN
DIS Sensors,  0356038181, info@dis-sensors.nl
Dispolab Nederland BV, NaN, info@dispolab.nl
Distrelec BV,  0302650150, sales.nl@distrelec.com
Distrilab,  0334947834, info@distrilab.nl
Dochteren IA,  0640238931, h.stemerdink@dochteren-ia.nl
Doofenshmirtz Evil Inc., NaN, casper@doofenshmirtz.nl
Dosco Sales & Engineering,  0356012734, info@dosco.nl
DPVT, NaN, info@dupa.nl
Dräger Nederland,  0793444666, medisch@draeger.com
Draka Kabel,  0888084780, drakakabel@draka.nl
DSP-systems,  0344846303, info@dspsystems.eu
Dual Inventive Holding,  0135339969, info@dualinventive.com
Duo-Med,  0306006030, info@duomed.nl
Duranmatic,  0786310599, info@duranmatic.nl
DVC Machinevision b.v.,  076-5440588, sales@machinevision.nl
DWA,  0881635300, dwa@dwa.nl
DWG Automation,  0107608600, info@dwgautomation.nl
Easics N.V., 032-1639561, ramses@easics.be
Easy Systems Benelux B.V., NaN, NaN
EBV Elektronik,  0346583010, rens.wagter@ebv.com
Echelon,  0334504070, sandra@echelon.co.uk
ECOMAL Nederland,  0203473177, jan.degoede@ecomal.com
EEMCCOIMEX,  0320295395, info@eemc.nl
ElderCare,  0793610081, e.meurs@eldercare.nl
Eldon N.V.,  0512580123, info.nl@eldon.com
Eldra bv,  0475566767, sales@eldra.nl
Elect,  0541662112, info@elect.nl
Electro Rent Europe N.V.,  0321574080, administration@electrorent-europe.com
Electro-Watt,  0356461090, verkoop@electro-watt.nl
Elincom electronics B.V.,  0102640270, info@elincom.nl
ELPRO Benelux,  0252830209, benelux@elpro.com
Elproma B.V,  0343518724, info@elproma.nl
Elscolab, NaN, main@elscolab.nl
Elster-Instromet,  0315338911, info@elster.com
EM-Technik,  0302412318, info@em-technik.nl
Embed Engineering,  0502103333, info@embed.nl
Emerson Automation Solutions,  0704136666, rob.van-der-zwan@emerson.com
Endress+Hauser,  0356958611, info@nl.endress.com
ENGIE Services West,  0756537000, infowestnederland@engie.com
Engineering Spirit BV,  0852733461, info@engineering-spirit.nl
ENMO Nederland,  0497380739, info@enmo.eu
Envico Environment-Control,  0715809308, info@envico.nl
ENVICONTROL - ENVITEC,  0418651158, info@envicontrol.com
EPLAN Software & Services,  0316591770, sales@eplan.nl
Eppendorf Nederland B.V.,  0243717600, info@eppendorf.nl
Equinoxia Industrial Automation,  0627399024, aksel.devries@gmail.com
ERBE Nederland,  0183509755, klantenservice@erbe.nl
Ergo-Care Vennik BV,  0534283090, info@ergocare.nl
Erix Techniek, NaN, info@erixtechniek.nl
Ernst Fisher Gmbh+co.kg,  0497441914, erfi@erfi.de
Esaote Europe B.V.,  043-3824650, benelux@esaote.nl
Niet beschikbaar, NaN, NaN
Euro HUBNER Benelux B.V., NaN, NaN
EURO-INDEX b.v.,  0102888000, verkoop@euro-index.nl
Eurocept Homecare B.V.,  0302804271, info@eurocept.nl
Eurocircuits N.V., NaN, euro@eurocircuits.com
Eurostat Benelux,  0886363555, info.nl@eurostatgroup.com
Eurotec,  0165551226, info@eurotec.nl
Eurotron Instruments Benelux,  0594696131, info@eurotron.nl
EWC Diagnostics,  0651575008, wiljanhoekstra@yahoo.com
Exalon Delft,  0152682554, info@exalondelft.nl
Exertis,  0788800700, info@exertis.nl
Expice,  0229284700, sales@expice.nl
Farnell Netherlands B.V.,  0302417312, benelux@farnell.com
FELTEN Wire & Cable Solutions,  0408200950, info@feltenwcs.nl
Festo B.V.,  0152518899, info.nl@festo.com
FFEW,  0416316779, antonybrouwers@mac.com
Fineline QPI B.V.,  0492590059, qpiinfo@qpigroup.com
Fisher Scientific,  0204877000, nl.info@thermofisher.com
Fix Trade,  0318544777, info@fixtrade.nl
FläktGroup Netherlands B.V.,  0102350606, petra.seegers@flaktgroup.com
Flatfield multi print International B.V.,  0344622556, sales@flatfield.com
Flen Health,  0762011350, info@flenhealth.com
Flexim Instruments Benelux,  0102492333, benelux@flexim.com
FlexLink Systems,  0235543100, info.nl@flexlink.com
Flohr Instruments,  0302890521, info@flohr-instruments.com
Flowserve Flow Control,  0105241050, info@flowserve.com
FMH Medical,  0318543223, info@fmhmedical.nl
FOA Nederland Glasvezeltechniek,  0492549189, info@foanederland.nl
Fomax Test & Connectivity,  0367601023, info@fomax-dc.nl
Forehand Network Components & Devices,  0102404121, info@forehand.nl
Formit BV, NaN, info@formit.nl
fortop Automation & Energy control,  0383372700, info@fortop.nl
Foss Benelux c/o Foss GmbH,  0334519033, fossben@foss.nl
Fresenius Kabi Nederland,  0306985270, info.nl@fresenius-kabi.com
Fresenius Medical Care Ned.,  0881223344, info@fmc.nl
Frontfolies.com, 3162277051, jaap.eising@frontfolies.com
Niet beschikbaar, NaN, NaN
FUQON B.V., NaN, NaN
Future Diagnostics Solutions,  0246452900, info@future-diagnostics.nl
Future Electronics,  0765444888, future.breda@futureelectronics.com
GBO Innovation makers,  0888886900, info@gbo.eu
GC biotech,  0172782170, info@gcbiotech.com
GDM B.V.,  0622668496, ingrid.evers@gdm-nl.com
GE Healthcare,  0332541222, info.nl@med.ge.com
GE Oil & Gas Netherlands B.V.,  0102640565, nl.sensing.sales@ge.com
Georg Fischer N.V., NaN, willem.kool@georgfischer.com
Gepro Electronics,  0342421333, info@gepro-electronics.nl
Getinge Netherlands,  0356255320, info@maquetnetherlands.nl
Niet beschikbaar, NaN, NaN
GHM meettechtniek,  035 5380540, occo.andriessen@ghm-nl.com
GHM meettechtniek, 3164601085, roland@match-makers.eu
Gilson International,  0703073600, sales-nl@gilson.com
GL Sciences B.V.,  0402549531, info@glsciences.eu
Global Electronics,  0535737200, info@global-electronics.nl
GMC-Instruments Nederland,  0348421155, info@gmc-instruments.nl
Goedegebuure Slaaptechniek,  0884300201, info@apneupagina.nl
GrafiMedics,  0365359390, info@gm.nl
Greiner Bio-One B.V.,  0172420900, info@nl.gbo.com
Gullimex,  0742657788, info@gullimex.com
GW-Instek - Good Will Instruments Euro B.V., 3163868982, erik.dejong@gw-instek.eu
H.F. Technology,  0756283717, info@hftechnology.nl
HACH, NaN, info-nl@hach.com
Hadro Techniek,  0182527190, info@hadro.nl
Haemonetics,  0765449477, info.nl@haemonetics.com
Ham Electronica B.V., NaN, NaN
Ham-Let Benelux,  0522237049, benelux@ham-let.com
Hamamatsu Photonics,  0365405384, info@hamamatsu.nl
Hamilton Bonaduz AG, NaN, NaN
Hanna Instruments,  0302896842, info@hannainst.nl
Harry Atteveld Regeltechniek, NaN, info@har-gouda.nl
Harstra Instruments,  0365222142, info@harstra-instr.nl
HARTECH meet- & testapparatuur,  0756144080, info@hartech.nl
Harting,  0736410404, nl@harting.com
Haskoning DHV Nederland,  0883842000, jan.bakker@rhdhv.com
HBK2000 Besturingstechniek,  0224542715, contact@hbk2000.nl
HC Groep,  0299689300, hcbarcol-air-info@hcgroep.com
HCS Building Automation,  0104580000, tjorem@adminbv.nl
hDMT, NaN, NaN
HE adviseurs,  0104116125, btvangent@he-adviseurs.nl
HEAD Electronics,  0714029154, info@head.nl
HEIDENHAIN NEDERLAND B.V.,  0318581800, info@heidenhain.nl
Heijmans Utiliteit meet en regeltechniek,  0402197303, jhellenthal@heijmans.nl
Heijneman Medical,  0881181000, info@heijnemanmedical.nl
HellermannTyton,  0334600692, info@hellermanntyton.nl
Hellma Benelux bvba, 3238773327, info.be@hellma.com
Helmut Fischer Meettechniek B.V.,  0402482255, info@helmutfischer.nl
Hermed Medrott Medical,  0181419390, info@medrott.nl
Hestel Electronics,  0306999100, info@hestel-electronics.nl
Hettich Benelux,  0882219900, info@hettichbenelux.com
Heynen,  0485550909, heynen@heynen.nl
Hi-Tech RF & Microwave Solutions,  030-3074420, information@hitechbv.nl
Hielkema Testequipment,  0413255243, info@hielkematest.nl
Hiflex Automatiseringstechniek,  0180466004, info@hiflex.nl
HIMA Benelux,  0765715151, hotline@hima.com
Hirschmann Multimedia,  0294462555, info@hirschmann.nl
Hitachi Medical Systems,  0182397777, netherlands@hitachi-medical-systems.nl
Hitma Instrumentatie B.V.,  0297514835, info@hitma-instrumentatie.nl
Hobré Instruments,  0299420871, info@hobre.com
Hoogland Medical,  0412453823, mail@hooglandmedical.nl
HPS Industrial,  0332774905, verkoop@hpsindustrial.nl
Huba Control AG,  0334330366, info.nl@hubacontrol.com
Hudson Cybertec B.V.,  070 2500717, info@hudsoncybertec.com
Huijzer Components,  0725611446, info@huijzer.com
Huisman Mediap,  0344612508, info@huismanmediap.nl
Human Workspace b.v., NaN, infoben@humanworkspace.nl
Hycult Biotech,  0413251335, info@hycultbiotech.com
I.B. Kracht,  0703876800, info@kracht.nl
I.C.Y.,  0514563424, r.e.nederhoed@icy.nl
ICT Automatisering Nederland B.V, 3188908200, erwin.pouwels@ict.nl
Ideetron,  0343769094, bart@ideetron.nl
Imbema Controls,  0235172400, info@imbema.nl
imc Test & Measurement B.V.,  0858769392, info@imc-benelux.com
Inacom Instruments,  0318521151, info@inacom.nl
INCAA Computers,  0555425001, sales@incaacomputers.com
INDES-IDS,  0345545535, info@indes.com
Inductive Systems Europe B.V.,  0134625910, info@ise.nl
INEPRO Metering,  0252744044, info@ineprometering.com
Infineon Technologies Holding,  0102176800, info@infineon.com
Infors Benelux, NaN, infors.bnl@infors-ht.com
Ingenieursburo Gommer,  0703868286, info@gommer.nl
INstruchemie,  0596634831, info@instruchemie.nl
Instrument Solutions Ben.,  0884678786, info@instrument-solutions.com
Niet beschikbaar, NaN, NaN
Intemo Special Products,  0492547447, janus@intemo.com
Intercomponents,  0343517363, info@intercomponents.nl
Interscience,  0765411800, info@interscience.nl
Niet beschikbaar, NaN, NaN
Intersurgical Nederland,  0413243860, info@intersurgical.nl
Intertec Instrumentation,  0315251000, nederland@intertec.info
INTOS interior solutions,  023-5319039, luuk.vanwilligenburg@intos.nl
Intronics,  0342407080, sales@intronics.nl
INVEN Technology Benelux,  0765812288, info@inven.nl
Inventech Benelux BV,  0162460404, heidenreich@inventech.nl
IPPN Measurements & Controls VOF,  0314667748, info@ippn.nl
Isatronick,  0499871571, info@isatronick.nl
Isogen Life Science,  0306880771, marty.denneman@isogen-lifescience.com
Istec International,  0252433400, mail@istec.nl
Iszgro Diodes,  0152600975, t.zoumpoulidis@iszgro.com
IT Bases,  0852107161, info@itbases.nl
ITK Diagnostics,  0297568893, info@itk.nl
IXON B.V.,  085-7441105, info@ixon.cloud
J. Verholt,  0315695495, info@verholt.nl
J.H. Ritmeester,  0302316422, info@ritmeester.nl
Jasco Benelux,  0306880355, info@jasco.nl
Niet beschikbaar, NaN, NaN
JEOL (Europe),  0252623500, sales@jeolbenelux.com
Johnson Controls Building Efficiency,  0183667600, willem.dejongh@jci.com
JSB Joint Analytical Systems Benelux,  0402514753, info@go-jsb.com
JTAG Technologies,  0402950870, info@jtag.com
JULABO Nederland B.V., NaN, NaN
JUMO Meet- en Regeltechniek B.V.,  0294491491, saskia.vanderlaan@jumo.net
Kago Electronics,  0728795497, info@kago.nl
Niet beschikbaar, NaN, NaN
Kebomed,  0553684455, info@welmed.nl
KERO Quality,  0528343642, info@kero.nl
Keysight Technologies Netherlands B.V.,  020 311 2000, contactcenter_benelux@keysight.com
Kistler,  0852104420, info.bnl@kistler.com
KITT Engineering,  0534315700, info@kitt.nl
KIWA Nederland,  0704144400, info@kiwa.nl
Klay Instruments,  0521591550, info@klay.nl
Klinerva,  0355288377, info@eurocept.nl
KNX,  0652348746, info@knx.nl
Kobold Instrumentatie,  0263844848, info.nl@kobold.com
Koning & Hartman,  0205877600, info@koningenhartman.com
Koninklijke van Twist B.V., 3178632660, rlagerberg@kvt.nl
KORE Wireless /, NaN, jvandenhoven@korewireless.com
Köttermann Laboratoriuminrichting B.V.,  076-2030044, systemlabor.nl@kottermann.com
Kreisler Import,  0703852104, components@kreisler.nl
KROHNE Nederland,  0786306200, infonl@krohne.com
Kropman Installatietechniek,  0883344000, info@kropman.nl
KRSS Ltd.,  0440161241, sales@krssltd.com
KSB Nederland,  0204079800, rob.van.roijen@ksb.com
Kuijpers,  0492578600, info@kuijpers.com
KVMS,  0321472006, info@kvms.be
L.E.D. Techno B.V.,  085-8880601, info@ledtechno.nl
LA Biosystems B.V.,  0416675300, info@la-biosystems.com
Lab Services,  0765310420, info@lab-services.nl
Lab-QAcademy,  0654678058, info@lab-qacademy.com
Labinco,  0765417582, info@labinco-bv.com
LabMakelaar Benelux B.V.,  0180321820, info@labmakelaar.com
Labolutions,  0713322370, info@labolutions.com
Laboz,  0885221000, info@laboz.nl
Niet beschikbaar, NaN, NaN
Labvise, NaN, info@labvise.com
LabWare Limited,  0495451948, info@labware.com
Laméris Ootech,  0306008711, ootech@ootech.nl
Lasent B.V.,  0299405290, info@lasent.nl
Laser 2000 Benelux,  0297266191, info@laser2000.nl
Laservision Instruments,  0529428000, info@laservision.nl
Laumans Techniek,  0495521067, sales@laumans.com
Layers / Dekimo,  0321644141, info@layers.be
Leertouwer,  0342425151, h.j.hazeleger@leertouwer.nl
Legrand Nederland,  0411653111, info@legrandnederland.nl
Leica Microsystems,  0704132100, nl.sales@leica-microsystems.com
LEMO Connectors Benelux,  0251257820, info@lemo.nl
Niet beschikbaar, NaN, NaN
Liad Electronics Breda B.V., NaN, NaN
Linde Gas Cryoservice,  0402825825, info.lg.nl@linde.com
Linde Healthcare Benelux,  088-3276276, info.homecare.nl@linde.com
LivaNova Nederland N.V.,  0203113211, info.nl@livanova.com
Livingston (Tems),  0318588688, sales@easy2rent.nl
Lode Holding,  0505712811, ask@lode.nl
Logic Technology B.V.,  0773078438, info@logic.nl
Lohmann & Rauscher,  0365463020, info@lrmed.com
LonMark International,  0140893852, henny@lonmark.org
Lopital,  0135239300, info@lopital.nl
Löwenstein Medical Netherlands,  0342419582, info@hul-nl.nl
LPS bv, NaN, info@lps.nl
Lumberg Nederland,  0105216255, info@lumberg.nl
Lutron EA Ltd, NaN, jvanhoutum@lutron.com
Maastricht Instruments,  0433881371, email@maastrichtinstruments.com
Magnetrol International N.V.,  0325245111, info@magnetrol.be
Magtivio B.V., NaN, NaN
Major Electronics,  0528234422, info@major-el.nl
Malvern PANalytical B.V.,  0402766060, info@malvernpanalytical.com
Marktechnical,  0162314285, info@marktechnical.nl
Martin Nederland,  0355234538, karen.verwaal@klsmartin.com
MASER Engineering,  0534802680, info@maser.nl
Matas Electronics B.V.,  0499335050, G.Bergman@matas.nl
Match Makers, NaN, NaN
Mathot Medische Speciaalzaken,  0235319043, info@mathot.nl
MCS - Mixe Communication Solutions BV,  0104375555, john@mcs-nl.com
Medcaptain Europe B.V.,  024-2063000, jurgen.reimer@medcaptain.eu
MedCaT BV,  0591301033, info@medcat.nl
Mediatronix,  0235625449, info@mediatronix.com
Medica Europe B.V., NaN, info@medica-europe.nl
Medicare Uitgeest,  0251316358, info@medicare-uitgeest.nl
Medidis,  0320267600, info@medidis.nl
Mediq Nederland,  0186634400, j.moerkerken@medeco.nl
MediReva,  0434572343, p.ummels@medireva.nl
Medisize BV,  0887744555, info@medisize.com
Niet beschikbaar, NaN, NaN
Melles Griot,  0316333041, info.holland@mellesgriot.com
Mentor Graphics Netherlands,  0302418500, frank_schoonens@mentor.com
Mermaid Medical B.V.,  0314632070, info@mermaidmedical.nl
Merpa,  0105248703, info@merpa.nl
Metafas,  0493695578, info@metafas.nl
Metatronics,  0407870910, cvdboogaard@metatronics.nl
Metrohm Nederland,  085-3036460, info@metrohm.nl
Mettler-Toledo,  0344638363, contact.nl@mt.com
METZ CONNECT GmbH,  0765083410, info@metz-connect.com
Meuleman Electronics B.V.,  0499796512, info@meuleman.io
MG Products,  0485382133, info@mg-products.com
Michell Instruments Benelux BV,  0162680471, nl.sales@michell.com
Micro-Key,  0594503020, sales@microkey.nl
Micronevel,  0725647097, info@micronevel.nl
Micropower - HPR Techniek,  0765205310, info@micropower.nl
Microtron,  0162447272, info@microtron.nl
Miele Nederland,  0347378911, professional@miele.nl
Mindray Medical Netherlands,  0332544911, info.nl@mindray.com
Minerva Meettechniek,  0334622000, info@minervaipm.com
Minkels,  0413311100, info@aegide-group.com
Mitsubishi Electric Europe,  0297250350, info@mitsubishielectric.nl
Mitutoyo Nederland,  0318534911, info@mitutoyo.nl
MKS Instruments Benelux,  0348407026, mks-germany@mksinst.com
MODELEC Data-Industrie B.V.,  0318636262, sales@modelec.nl
Molecular Devices Ltd.,  0441189448, infoboxeu@moldev.com
Molnlycke Health Care,  0765219663, peter.meijer@molnlycke.com
Moore Industries Europe Inc.,  0344617971, sales@mooreind.nl
Motek Medical,  0203013020, info@motekmedical.com
Niet beschikbaar, NaN, NaN
MT-Diagnostics Netherlands,  0765014824, info@mt-diagnostics.nl
MTT Medical Technology Transfer bv, NaN, info@mttnl.com
Mulder-Hardenberg,  0858003751, infonl@m-h.biz
Multi Instruments Analytical B.V.,  0183628888, verkoop@multi-instruments.nl
Murrelektronik BV,  0852220282, sales@murrelektronik.nl
Nanosens,  0575519751, t.hien@nanosens.nl
National Instruments Ned.,  0348433466, info.netherlands@ni.com
NBS Scientific B.V.,  036-5491010, info@nbsscientific.nl
Nedap N.V. Light Controls,  0544471807, info-specials@nedap.com
Nederlands Forensisch Instituut (NFI),  0708886666, info@nfi.minjus.nl
Nefab Bijl,  0342490147, info@nefab.nl
Network Innovations,  0402953001, info.eu@networkinv.com
New Cosmos-BIE B.V.,  0725721800, info@newcosmos-europe.com
Newport Spectra-Physics Lasers, NaN, netherlands@newport.com
Nexans Cabling Solutions,  0102483470, info.ncsnl@nexans.com
Nifa Technologies,  0582123279, info@nifa.nl
Nijkerk Electronics,  0205041424, ne@nijkerk.nl
Nipro Europe N.V.,  076-5245099, info@nipro-europe.com
Nivotherm,  0786817544, info@nivotherm.nl
Novotek,  0765871010, info.benelux@novotek.com
Nutacon B.V.,  0172506214, info@nutacon.nl
Nutek Europe,  0162578578, info@nutek-europe.com
Niet beschikbaar, NaN, NaN
Observator Instruments,  0180463422, info@observator.com
Ocean Optics,  0263190500, info@oceanoptics.com
ODS Metering Systems,  0180640911, info@odsbv.nl
Oldelft Benelux,  0318583400, info@oldelftbenelux.nl
Olympus Nederland,  0715450850, info@olympus.nl
Omnitek,  0182302990, info@omnitek.nl
Omron Electronics,  0235681100, omron-nl@eu.omron.com
Ontwerpstudio DUNC,  0715190255, sales@dunc.nl
OpenText Cooperatief UA,  0341375555, koltmans@opentext.com
Optimus Instruments bvba, NaN, info@optimus.be
Panasonic Electric Works Sales Western Europe,  0499372727, info.pewswe@eu.panasonic.com
Niet beschikbaar, NaN, NaN
Parkodex B.V.,  0582988888, info@parkodex.com
Partnertec B.V.,  0499577860, info@partnertec.nl
Paul Hartmann,  0247112000, walter.beumer@hartmann.info
PCB Connect,  0403333050, sales@pcbconnect.nl
PCS,  0786822522, info@pcs-gebouwautomatisering.nl
Pedak meettechniek,  0475497424, info@pedak.nl
Penko Engineering,  0318525630, info@penko.com
Pentax Nederland,  0885303030, info@pentaxmedical.com
Pepperl+Fuchs,  0737507107, sales@nl.pepperl-fuchs.com
Perf-IT,  0881183000, info@pro-at.nl
PerkinElmer Nederland,  0800023449, nik.boer@perkinelmer.com
PHC Europe B.V.,  0765433833, biomedical.nl@eu.phchd.com
Philips Healthcare,  0402782559, henk.valk@philips.com
Philips Lighting,  0402791111, kevin.raaijmakers@philips.com
Phoenix Contact,  0657747141, jpetersgeessink@phoenixcontact.nl
Phuntronix,  0346330050, info@phuntronix.com
PIA Service,  088 5060700, info@piaservice.nl
Pilz Nederland,  0347320477, info@pilz.nl
Pluripharm-Direct,  0725760300, info@pluripharm-direct.nl
PM Komponenten,  0314368368, info@pmkomponenten.nl
PMT Benelux N.V.,  0321665929, info@pmtbenelux.com
Poly Temp Scientific BV,  0515575105, info@polytemp.nl
Potteau-Labo,  0325636333, mail@potteau.com
Powerbox Benelux,  0765015856, info.nl@prbx.com
Prisafe International B.V., NaN, info@prisafe.nl
Priva,  0174522600, info@priva.nl
Prodek Automation Products, NaN, NaN
Niet beschikbaar, NaN, NaN
Proleit,  0887765348, info-nl@proleit.nl
Prolyse B.V., NaN, info@prolyse.nl
Promega Benelux,  0715324244, benelux@promega.com
ProSense,  0162471485, info@prosense.net
Protonic Holland,  0229212928, info@protonic.nl
PT Medical,  0594587280, mail@pt-medical.nl
Niet beschikbaar, NaN, NaN
QIAGEN Benelux,  0773208400, orders-bnl@qiagen.com
Quad Industries N.V.,  0323722030, click@quad-ind.com
Quality2Process,  0742590498, info@quality2process.com
QVM, NaN, info@qvm-lcs.nl
Radiometer Benelux BV,  0793614593, info@radiometer.nl
Raritan Europe,  0102844040, sales.europe@raritan.com
Raster Industriële Automatisering,  0487572719, info@raster.com
Ratio Electric,  0332452360, info@ratio.nl
Reditech Engineering,  0765146040, info@reditechgroup.nl
Regel Partners,  0332544848, info@regelpartners.nl
Reichle & De-Massari Netherlands,  0553681800, nld@rdm.com
Reijnen Sealing,  0594528133, info@reijnenelectronica.nl
Remtech Nederland,  0183402277, info@remtech.nl
Rena Electronica B.V.,  0765995995, info@rena.nl
Rensen Regeltechniek,  0413850110, info@rensenregeltechniek.nl
ResMed Nederland, NaN, gijs.paulissen@resmed.com
Rhosonics Analytical BV,  0341370074, f.termeulen@rhosonics.nl
Rimarck, NaN, NaN
Rittal,  0316591616, sales@rittal.nl
Roche Diagnostics Nederland,  0365394911, sissy.klazenga@roche.com
Rodax N.V.,  0323360900, info@rodax-europe.com
Rohasys,  0161240152, info@rohasys.com
Rohde & Schwarz Benelux,  0306001700, info.bnl@rohde-schwarz.com
Romal,  0302897161, info@romal.com
Romex,  0317398787, info@romex.nl
ROTEC bvba,  0321440215, tgevers@rotec.be
Rotero Holland,  0348495150, info@rotero.com
Niet beschikbaar, NaN, NaN
RS Components,  0235166555, info@rsonline.nl
Rutronik Elektronische Bauelemente GmbH,  0183646050, anita_praet@rutronik.com
S+B Rotterdam,  0102582580, info@splusb.nl
Safex Control,  0182391313, info@safex.nl
Sakura Finetek Holland,  0885920000, holland@sakura.eu
Salland Electronics bv,  0384540864, info@sallandelectronics.nl
SALM EN KIPP,  0346269090, info@salm-en-kipp.nl
SAMSON REGELTECHNIEK, NaN, info@samson-regeltechniek.nl
Sanbio,  0413251115, sanbio@sanbio.nl
Sarstedt,  0765017550, info.nl@sarstedt.com
Sartorius Netherlands,  0306025030, office.nl@sartorius.com
SATRON Instruments Nederland, NaN, info@satron.nl
Sauter Building Control Nederland,  0205876700, wietse.hut@sauter.nl
Scala Scientific B.V., NaN, info@scala-scientific.nl
Schaefer Ausstattungs-Systeme GMBH,  0490622479, info@ws-schaefer.de
Schaper Benelux Bandages & Braces, NaN, ronald@schaper-benelux.com
Schleifenbauer Products,  0735230256, info@schleifenbauer.eu
Schneider Electric Systems  Netherlands NV,  0235124124, support@schneider-electric.com
Schneider Electric The Netherlands,  0235124124, jan-willem.den-braber@nl.schneider-electric.com
Scholten Medische Groep,  0345648181, verkoop@scholten-medisch.nl
SCHURTER Electronics B.V.,  0523281226, aniek.vanvelzen@schurter.nl
SCIEX, NaN, benelux.orders@sciex.com
Niet beschikbaar, NaN, NaN
Sensor Partners,  0416378239, info@sensor.nl
Sentron Europe,  0505013800, info@sentron.nl
Separations Analytical Instruments,  0786820500, info@separations.nl
Shimadzu Benelux,  0736430320, info@shimadzu.nl
Sick,  0302044000, info@sick.nl
Siemens Healthcare Nederland,  0703332955, info@siemens.com
Siemens Industry Software,  0736802500, info.benelux.plm@siemens.com
Siemens Nederland N.V.,  0655844953, jeroen.penrisl@siemens.com
Sigma-Aldrich Chemie,  0786205411, nldcustsv@sial.com
Simac Electronics,  0416387700, info@simacelectronics.nl
Simac Techniek N.V.,  0402582911, info@simac.nl
Sintec,  0365480101, info@sintec.nl
Sintecs,  0742555713, hans.klos@sintecs.nl
Sirtex Medical Europe GmbH,  0490228184, mvente@sirtex-europe.com
Skalar Analytical,  0765486486, info@skalar.com
Skills Meducation,  0356461200, info@skills-meducation.com
Skytron Europe,  0384554050, sales@skytroneurope.com
Small Processor Systems,  0495745090, spsys@spsys.nl
Smans N.V.,  0322144244, info@smans.com
Smartec,  0765205353, info@smartec.nl
SMD-TEC,  0321643674, info@smd-tec.be
Smith & Nephew Nederland,  0206543999, holland.info@smithnephew.nl
Smiths Medical Nederland,  0735285050, nederland@smiths-medical.com
Snijders Labs,  0137501555, info@snijderslabs.com
Socomec B.V., NaN, NaN
Sommen B.V.,  0135199213, info@sommen.nl
Sopachem,  0344655150, info.nl@sopachem.com
Sorgente,  0306346271, info@sorgente.nl
SpringMedical,  0553560544, info@springmedical.nl
STbenelux B.V.,  0348748855, paul.langbein@stbenelux.com
Steendam LFS,  0384215522, provers@steendam.nl
Stekon,  0884224440, info@stekon.nl
Steritec,  0107537221, info@steritec.nl
Stichting TI-COAST,  0205258398, info@ti-coast.com
Stimag B.V., NaN, info@stimag.nl
Stöpler Medical B.V.,  0302644911, stopler@simed.com
Störk-Tronic NL,  0103132300, nl@stoerk-tronic.com
Strukton Worksphere,  0346588888, raymond.vandentempel@strukton.com
Stulz Groep,  0205451111, c.brouwer@stulz.nl
Swagelok Nederland,  0182624060, info@swagelok.nl
Synchron Instrumenten,  0768200284, info@synchronlab.com
Synspec,  0505266454, info@synspec.nl
Syrinx Industrial Electronics,  0229562100, info@syrinx.nl
Sysmex Nederland,  0765086000, info@sysmex.nl
Systeme Helmholz Benelux,  0854010710, info@helmholz-benelux.eu
TA Control Systems (TACS),  0786521235, info@tacontrol.nl
Tasseron Sensors & Controls,  0153104000, info@tasseron.nl
tbp electronics,  0187602744, info@tbp.nl
TE Connectivity Nederland,  0736246246, info@te.com
Tecan BeneluxBA,  0183448174, tecan-nl@tecan.com
Techmation B.V.,  0183500331, h.versluis@techmation.nl
Technex b.v., NaN, info@technex.nl
Technische Unie, 3161141766, b.schats@bi-smart.nl
Technische Unie,  020-5450345, info@technischeunie.com
Technoglas laboratoriumapparatuur BV,  0252210637, info@technoglas.nl
Teesing B.V.,  0135287225, info@a-b-t.nl
Telerex Nederland,  0765782000, info@telerex-europe.com
TEMPCO B.V.,  0172493141, info@tempco-sensors.nl
Tempcontrol Industrial Electronic Products B.V.,  0152511831, info@tempcontrol.nl
Terumo Europe N.V.,  0321639258, info@terumo-europe.com
Teruplast,  0332983314, info@teruplast.nl
Testo BV,  0365487000, info@testo.nl
Texim Europe,  0535733333, info@texim-europe.com
Thal Technologies,  0362026060, adm@thal-technologies.com
Thermo Electra Temperature Sensor Solutions B.V.,  0153621200, verkoop@thermo.nl
Thermo Electric Instrumentation,  0857607300, info@te-instrumentation.com
Thermo Fisher Scientific,  0765795555, info_nl@thermo.com
TMC Software, NaN, NaN
Tokyo Keiso Europe,  0344601157, info@tokyokeiso-europe.com
Tooltronics,  0882916655, peter.oelen@tooltronics.nl
TOP-electronics,  0180580492, petra@TOP-electronics.com
Total Care,  0135313535, info@totalcaregroep.nl
TPF Control,  0857500110, info@tpf-control.nl
Tradinco Instrument-Apparaten,  0792033133, info@tradinco.com
Transonic Europe B.V.,  0434077200, tamara.theunissen@transonic.com
Trescal,  0793430000, info@trescal.nl
Tritec Benelux,  0184414131, info@tritec.nl
Tritium Microbiologie,  0402051615, mail@tritium-microbiologie.nl
Tromp Medical BV,  0251662066, salessupport@trompmedical.com
TSH Benelux,  0102457701, info@tshbenelux.nl
TT&MS,  0252621080, info@ttms.nl
TTI Inc.,  040-2901616, ronald.vandenheuvel@nl.ttiinc.com
Tucana Telecom,  0765794111, info@tucana.com
Turck,  0384227750, info@turck.nl
Tuttnauer Europe,  0765423510, info@tuttnauer.nl
TÜV Rheinland Nederland,  0594505005, info@nl.tuv.com
Twentse Electronica GroothandelTEG,  0534300560, info@teg-bv.nl
Niet beschikbaar, NaN, NaN
U-F-M b.v., NaN, info@u-f-m.nl
Unica Building Automation,  0332478080, info@unica.nl
United Care Products,  0503050900, info@unitedcare.nl
V en M,  0555996363, m.hagen@venm.nl
V-PS,  0492386880, sales@v-ps.com
VAF Instruments,  0786183100, sales@vaf.nl
Niet beschikbaar, NaN, NaN
Valmet Automation B.V., NaN, NaN
Value Procurement Centre B.V.,  0557901168, marc@procurementcentre.nl
Van Galen Klimaattechniek,  0104878800, rotterdam@vangalen.com
Van Mierlo Ingenieursbureau,  0402969999, vanmierlo@vanmierlo.com
Van Tol Laboratoriumtechniek,  0418662265, info@vantollabtech.nl
Van Vliet Medical Supply,  0365472150, info@vanvlietmedical.nl
Vandeputte Medical,  0306005050, info.nl@vdpmedical.com
VBGL Scientific B.V., NaN, NaN
VCM Medical V.O.F., NaN, info@vcmmedical.nl
VDW CoolSystems,  0345582546, info@vdwcoolsystems.nl
Vedotec,  0888336800, info@vedotec.nl
VEGA,  0334502502, info@nl.vega.com
Veolia Water Technologies Netherlands,  0318691500, info@veoliawaterst.nl
VERDER Scientific Benelux,  0323870965, info@verder-scientific.be
Verkerk Elektrotechniek,  0786107700, info@verkerk.com
Vertiv Benelux B.V.,  0765781600, info@emersonnetworkpower.com
Verum Software Tools BV,  0402359090, info@verum.com
Vierpool,  0346594511, info@vierpool.nl
VitalAire Nederland,  0402503502, info@vitalaire.nl
VIVISOL Nederland B.V.,  0135231020, info@vivisol.nl
von Rohr ARCA b.v.,  0313654000, info@vonrohr-arca.nl
Vonk,  0880330300, info@vonkbv.com
Vonmarcken,  0348752152, info@vonmarcken.nl
Vos Instrumenten,  0418575080, info@vosinstrumenten.nl
VWR International,  0204808400, info@nl.vwr.com
W&S Benelux,  0162521677, info@wsbenelux.nl
WAGO Nederland,  0553683500, info-nl@wago.com
Waldmann BV,  0344631019, h.vangeresteyn@waldmann.com
Waters Chromatography, NaN, waters_nederland@waters.com
Watson-Marlow,  0104621688, info@watson-marlow.nl
Webeasy, NaN, info@webeasy.nl
WEETECH,  0416690808, info@weetech.nl
Weidmüller Benelux,  0356261261, info@weidmuller.nl
Weiss Technik Nederland,  0344670400, info@weisstechnik.nl
Welland Nederland B.V.,  0886670066, info@welland.nl
wenglor sensortechniek b.v.,  0341423064, info.nl@wenglor.com
Niet beschikbaar, NaN, NaN
Westburg,  0334950094, info@westburg.eu
Western Airconditioning,  0332477800, info@western.nl
Westfalen Medical,  0570636745, info@westfalenmedical.nl
Wibu Systems,  0747501495, sales@wibu-systems.nl
WIKA Benelux,  0475535500, info.nl@wika.com
Wilten Instrumenten, NaN, info@wilten.nl
Wireless Value,  0591633200, info@wirelessvalue.nl
Niet beschikbaar, NaN, NaN
Wonderware Benelux B.V.,  0765794100, info@wonderware-benelux.com
Würth Elektronik Nederland,  0736291911, eiSos-netherlands@we-online.com
Xensor Integration,  0152578040, info@xensor.nl
Xilloc Medical,  0433881881, m.beerens@xilloc.com
XiltriX International,  073-5212229, info@xiltrix.com
XTAC Analytical,  0715317874, info@xtac.nl
Yellax Nederland B.V.,  0306880023, t.klaassen@yellax.com
Ymif Engineering,  0703292567, info@ymif.nl
Yokogawa Europe Solutions,  0884641000, info@nl.yokogawa.com
Zeiss,  0184433400, info@zeiss.nl
Zematra,  0164687770, info@zematra.com
Zilvertron B.V.,  0182305045, info@zilvertron.com
Zirbus Technology Benelux,  0344632816, info@zirbus.nl
ZOLL International Holding,  0481366410, info@zoll.nl
[e]Parts Electro Componenten,  0356033940, info@eparts.nl
